{
    "epochs": [
        0,
        1,
        2,
        3,
        4,
        5,
        6,
        7,
        8,
        9,
        10,
        11,
        12,
        13,
        14,
        15,
        16,
        17,
        18,
        19,
        20,
        21,
        22,
        23,
        24,
        25,
        26,
        27,
        28,
        29,
        30
    ],
    "training": {
        "loss": [
            0.08433843741783931,
            0.04785533105204995,
            0.040583364590120484,
            0.03574382097076074,
            0.03128900045736093,
            0.027883680791355413,
            0.0247409653557101,
            0.022358131112052083,
            0.024353742744619405,
            0.023864493296692525,
            0.022513167969849028,
            0.020790637557116298,
            0.018447835356055417,
            0.0168013730865385,
            0.015477870108068496,
            0.014449169638336364,
            0.013740108006799426,
            0.012841778580179852,
            0.01232309860522826,
            0.011820083251569443,
            0.011275703099678675,
            0.010858211036418096,
            0.010495489554751079,
            0.010077360584878542,
            0.009804019085876723,
            0.009491049360437263,
            0.009287361826021296,
            0.008996944087504306,
            0.00876359316750227,
            0.008548743576035002,
            0.008385188548427404
        ],
        "miou": [
            0.7297214542284092,
            0.8187551707992046,
            0.8402400608662678,
            0.8545681345683217,
            0.868534158872753,
            0.8800539876558118,
            0.8896864046478346,
            0.8981338664796882,
            0.8907373534098181,
            0.8927951390180141,
            0.8995830000519704,
            0.9063232473906203,
            0.9134941711416462,
            0.919487184943126,
            0.9251700182078082,
            0.9287259335056586,
            0.9315208451786069,
            0.9356125515121694,
            0.9369367427102127,
            0.9399285563481349,
            0.9414372416031792,
            0.943519267764313,
            0.9449017820284843,
            0.9468723464287909,
            0.9484506072624633,
            0.9497152569529367,
            0.9505071501926854,
            0.9519135847251528,
            0.95227752072025,
            0.953531773321408,
            0.9543460135036916
        ]
    },
    "validation": {
        "loss": [
            0.07207458819971435,
            0.050034231913524324,
            0.049533759078596556,
            0.04633903544350257,
            0.03185314872361931,
            0.031184345049504677,
            0.02898555610758754,
            0.041972771010054186,
            0.03882871920074586,
            0.03704025616037817,
            0.034676771071587176,
            0.03046338985322142,
            0.02586951458206243,
            0.02259824614845984,
            0.02041361983675966,
            0.01875963567002677,
            0.01718408143932217,
            0.0160303636879366,
            0.01501379160221271,
            0.014298886576628478,
            0.013709572753229104,
            0.013205336121352955,
            0.012762481477878406,
            0.012424053249204611,
            0.012100341436694863,
            0.011787588703494778,
            0.011574825622948879,
            0.011318365690219956,
            0.011078153840350328,
            0.01086203416132944,
            0.010675879713180743
        ],
        "miou": [
            0.7953493791414561,
            0.8305631325203456,
            0.8410561857122368,
            0.8470404413451388,
            0.8720612619628035,
            0.8803553639474849,
            0.8856519872656315,
            0.8623250390627065,
            0.8682653609799615,
            0.8717110153445459,
            0.8798856178209253,
            0.8898684385920929,
            0.8996735773239373,
            0.9074223214459182,
            0.9135276352395397,
            0.9183745504764319,
            0.9229795047877534,
            0.9266165039641547,
            0.9300379381710466,
            0.9323131841290039,
            0.9344443444705465,
            0.9361606002317385,
            0.9377535937294399,
            0.9389149923481301,
            0.940334507458873,
            0.9414256350325554,
            0.9421529561694507,
            0.9430906932052866,
            0.9437329837031254,
            0.9444733653251852,
            0.9450224553804205
        ]
    },
    "learning_rates": [
        1.9997854997854997e-06,
        2.9997854997855e-06,
        3.9997854997855e-06,
        4.999785499785499e-06,
        5.9997854997855e-06,
        2.9970872109921827e-06,
        5.976719851723588e-06,
        5.947717670213328e-06,
        5.907303099011744e-06,
        5.855664569505905e-06,
        5.793042844357691e-06,
        5.7197298949571174e-06,
        5.6360675401169334e-06,
        5.54244585235553e-06,
        5.439301339198792e-06,
        5.327114907980518e-06,
        5.206409623630424e-06,
        5.077748269903996e-06,
        4.94173072542482e-06,
        4.7989911667735305e-06,
        4.6501951116638414e-06,
        4.496036315991749e-06,
        4.337233539225292e-06,
        4.174527193216123e-06,
        4.008675890057667e-06,
        3.840452905085344e-06,
        3.6706425715100117e-06,
        3.500036623494459e-06,
        3.32943050472327e-06,
        3.159619659677166e-06,
        2.9913958249036537e-06
    ],
    "current_phase": "Phase 2 (Full)"
}
