{
    "epochs": [
        0,
        1,
        2,
        3,
        4,
        5,
        6,
        7,
        8,
        9,
        10,
        11,
        12,
        13,
        14,
        15,
        16,
        17,
        18,
        19,
        20,
        21,
        22,
        23,
        24,
        25,
        26,
        27,
        28,
        29,
        30
    ],
    "training": {
        "loss": [
            0.08433843741783931,
            0.04785533105204995,
            0.040583364590120484,
            0.03574382097076074,
            0.03128900045736093,
            0.027876934428577804,
            0.02473782929542017,
            0.02234631943142266,
            0.024349248286478296,
            0.023855371595856913,
            0.022580757917594736,
            0.020771582446498495,
            0.018442019215575308,
            0.016795035429438814,
            0.015507211426371698,
            0.014460530794819796,
            0.013751772784312015,
            0.012891466687747308,
            0.012333288028921427,
            0.011791925918887738,
            0.011308670859351987,
            0.010893104505058575,
            0.010504256057091927,
            0.01009346058403968,
            0.009832292185221298,
            0.009505678662148387,
            0.009292949189948918,
            0.009025772047630871,
            0.008791007181808556,
            0.008580503114558708,
            0.008404515143660049
        ],
        "miou": [
            0.7297214542284092,
            0.8187551707992046,
            0.8402400608662678,
            0.8545681345683217,
            0.868534158872753,
            0.8800555891950399,
            0.8897424530059302,
            0.8981488740986096,
            0.8907225817494828,
            0.8927823753874621,
            0.8993076736686864,
            0.9066805014262301,
            0.9133489309334493,
            0.9194903556599827,
            0.9249334453996023,
            0.9287811021709678,
            0.9313920750884108,
            0.9352814367164964,
            0.9368491325083949,
            0.9399233293279008,
            0.9413847896240376,
            0.9434759498794301,
            0.9447798365159977,
            0.9467370162747176,
            0.9483035686962449,
            0.9495832516299202,
            0.9504302707998541,
            0.9518219077573031,
            0.9521225672953235,
            0.953413592721098,
            0.9542182368031432
        ]
    },
    "validation": {
        "loss": [
            0.07207458819971435,
            0.050034231913524324,
            0.049533759078596556,
            0.04633903544350257,
            0.03185314872361931,
            0.03128665481739948,
            0.029088989901060798,
            0.042231441333909436,
            0.038911759614881164,
            0.03703378492641479,
            0.03433139718082386,
            0.030394679155458765,
            0.02585442302678312,
            0.022568794382948922,
            0.020314406552931045,
            0.01872492083145759,
            0.017193726605622347,
            0.01609271124066699,
            0.015131581908970364,
            0.014402478272531771,
            0.013817873948816728,
            0.013302476016522536,
            0.012811549193318133,
            0.012465041634783878,
            0.012117279463001096,
            0.011817822232472942,
            0.01160385979283316,
            0.011345176894753815,
            0.011118260712724157,
            0.010903840856049335,
            0.010903840856049335
        ],
        "miou": [
            0.7953493791414561,
            0.8305631325203456,
            0.8410561857122368,
            0.8470404413451388,
            0.8720612619628035,
            0.8802984558679571,
            0.8855578258961803,
            0.8617609168914808,
            0.8680016811271898,
            0.8717239209929258,
            0.8810140130445542,
            0.890383067466311,
            0.9000061560201209,
            0.9074607221386409,
            0.9135521301043859,
            0.9181522266883466,
            0.9227829190013563,
            0.9264401156385906,
            0.9297976562319896,
            0.9320065790242195,
            0.9342284887552468,
            0.9360181282510783,
            0.9376498876166827,
            0.9389358640469537,
            0.9402948695461409,
            0.9413685681146267,
            0.9421026908248276,
            0.9430527523471959,
            0.9437831919185203,
            0.9444800718803972,
            0.9444800718803972
        ]
    },
    "learning_rates": [
        1.9997854997854997e-06,
        2.9997854997855e-06,
        3.9997854997855e-06,
        4.999785499785499e-06,
        5.9997854997855e-06,
        2.9969563684337236e-06,
        5.975675381848419e-06,
        5.945376785223044e-06,
        5.903164558708478e-06,
        5.849244356029141e-06,
        5.783878870992446e-06,
        5.707386557670977e-06,
        5.620140078926257e-06,
        5.5225644908327435e-06,
        5.415135171847364e-06,
        5.298375506813459e-06,
        5.172854337082432e-06,
        5.03918318917587e-06,
        4.898013295489796e-06,
        4.750032421555901e-06,
        4.5959615153170054e-06,
        4.436551194741151e-06,
        4.2725780908863144e-06,
        4.104841064231959e-06,
        3.934157312711075e-06,
        3.7613583904040044e-06,
        3.5872861562905396e-06,
        3.4127886727975994e-06,
        3.238716074124339e-06,
        3.0659164244737743e-06,
        2.895231586369246e-06
    ],
    "current_phase": "Phase 2 (Full)"
}